Workbook

Sheet Sheet1
A1: Stand details | H1: Yield tables | Z1: Products
A2: Tree Spp | B2: YC | C2: Spacing | D2: Thinning treatment | E2: Spacing (m) | F2: Stand area (ha) | G2: Age | H2: Top ht m | I2: Trees /ha | J2: Mean dbh cm | K2: BA m²/ha | L2: Mean vol m³ | M2: Vol m³/ha | N2: Percent mortality | O2: MAI vol m³/ha /yr | P2: (age) | Q2: (mean dbh) | R2: Small RW Main crop volume (m3/ha) | S2: Sawlog Main crop volume (m3/ha) | T2: Check | U2: check | V2: Over to underbark conversion (%) | W2: Extracted Small RW (m3/ha) | X2: Extracted Sawlogs (m3/ha) | Y2: Bark (m3/ha) | Z2: Volume short-lived products (m3/ha) | AA2: Volume medium-lived products (m3/ha) | AB2: Volume long-lived products (m3/ha) | AC2: Check | AD2: Check
A3: Scots pine | B3: 4 | C3: 2 | D3: No thinning | E3: 2 | F3: 1 | G3: 40 | H3: 8.29 | I3: 2183 | J3: 10.19 | K3: 17.803 | L3: 0.025 | M3: 54 | N3: 0 | O3: 1.35 | P3: 40 | Q3: 10.19 | R3: 54 | S3: 0 | T3: =G3=P3 -> TRUE | U3: =J3=Q3 -> TRUE | V3: =VLOOKUP(IF(J3<10, 10, IF(J3>50,50,J3)),'Over to underbark'!$A$3:$C$43,IF(A3="Scots pine",3,IF(A3="Sitka spruce",2, "error")),TRUE)/100 -> 0.53 | W3: =R3*0.9*V3 -> 25.758 | X3: =S3*0.9*V3 -> 0 | Y3: =(R3+S3)*0.9*(100%-V3) -> 22.842 | Z3: =Y3+(57%*W3)+(15%*X3) -> 37.52406 | AA3: =(43%*W3)+(25%*X3) -> 11.07594 | AB3: =60%*X3 -> 0 | AC3: =SUM(W3:Y3)=SUM(Z3:AB3) -> TRUE | AD3: =SUM(R3:S3)*0.9 = SUM(W3:Y3) -> TRUE
A4: Scots pine | B4: 4 | C4: 2 | D4: No thinning | E4: 2 | F4: 1 | G4: 41 | H4: 8.536 | I4: 2172 | J4: 10.485 | K4: 18.752 | L4: 0.027 | M4: 59.2 | N4: 0 | O4: 1.444 | P4: 41 | Q4: 10.485 | R4: 59.2 | S4: 0 | T4: =G4=P4 -> TRUE | U4: =J4=Q4 -> TRUE | V4: =VLOOKUP(IF(J4<10, 10, IF(J4>50,50,J4)),'Over to underbark'!$A$3:$C$43,IF(A4="Scots pine",3,IF(A4="Sitka spruce",2, "error")),TRUE)/100 -> 0.53 | W4: =R4*0.9*V4 -> 28.2384 | X4: =S4*0.9*V4 -> 0 | Y4: =(R4+S4)*0.9*(100%-V4) -> 25.0416 | Z4: =Y4+(57%*W4)+(15%*X4) -> 41.137488 | AA4: =(43%*W4)+(25%*X4) -> 12.142512 | AB4: =60%*X4 -> 0 | AC4: =SUM(W4:Y4)=SUM(Z4:AB4) -> TRUE | AD4: =SUM(R4:S4)*0.9 = SUM(W4:Y4) -> TRUE
A5: Scots pine | B5: 4 | C5: 2 | D5: No thinning | E5: 2 | F5: 1 | G5: 42 | H5: 8.782 | I5: 2161 | J5: 10.774 | K5: 19.702 | L5: 0.03 | M5: 64.4 | N5: 0 | O5: 1.533 | P5: 42 | Q5: 10.774 | R5: 64.4 | S5: 0 | T5: =G5=P5 -> TRUE | U5: =J5=Q5 -> TRUE | V5: =VLOOKUP(IF(J5<10, 10, IF(J5>50,50,J5)),'Over to underbark'!$A$3:$C$43,IF(A5="Scots pine",3,IF(A5="Sitka spruce",2, "error")),TRUE)/100 -> 0.53 | W5: =R5*0.9*V5 -> 30.7188 | X5: =S5*0.9*V5 -> 0 | Y5: =(R5+S5)*0.9*(100%-V5) -> 27.2412 | Z5: =Y5+(57%*W5)+(15%*X5) -> 44.750916 | AA5: =(43%*W5)+(25%*X5) -> 13.209084 | AB5: =60%*X5 -> 0 | AC5: =SUM(W5:Y5)=SUM(Z5:AB5) -> TRUE | AD5: =SUM(R5:S5)*0.9 = SUM(W5:Y5) -> TRUE
A6: Scots pine | B6: 4 | C6: 2 | D6: No thinning | E6: 2 | F6: 1 | G6: 43 | H6: 9.028 | I6: 2151 | J6: 11.056 | K6: 20.651 | L6: 0.032 | M6: 69.6 | N6: 0 | O6: 1.619 | P6: 43 | Q6: 11.056 | R6: 69.6 | S6: 0 | T6: =G6=P6 -> TRUE | U6: =J6=Q6 -> TRUE | V6: =VLOOKUP(IF(J6<10, 10, IF(J6>50,50,J6)),'Over to underbark'!$A$3:$C$43,IF(A6="Scots pine",3,IF(A6="Sitka spruce",2, "error")),TRUE)/100 -> 0.66 | W6: =R6*0.9*V6 -> 41.3424 | X6: =S6*0.9*V6 -> 0 | Y6: =(R6+S6)*0.9*(100%-V6) -> 21.2976 | Z6: =Y6+(57%*W6)+(15%*X6) -> 44.862768 | AA6: =(43%*W6)+(25%*X6) -> 17.777232 | AB6: =60%*X6 -> 0 | AC6: =SUM(W6:Y6)=SUM(Z6:AB6) -> TRUE | AD6: =SUM(R6:S6)*0.9 = SUM(W6:Y6) -> TRUE
A7: Scots pine | B7: 4 | C7: 2 | D7: No thinning | E7: 2 | F7: 1 | G7: 44 | H7: 9.274 | I7: 2140 | J7: 11.336 | K7: 21.6 | L7: 0.035 | M7: 74.8 | N7: 0 | O7: 1.7 | P7: 44 | Q7: 11.336 | R7: 74.8 | S7: 0 | T7: =G7=P7 -> TRUE | U7: =J7=Q7 -> TRUE | V7: =VLOOKUP(IF(J7<10, 10, IF(J7>50,50,J7)),'Over to underbark'!$A$3:$C$43,IF(A7="Scots pine",3,IF(A7="Sitka spruce",2, "error")),TRUE)/100 -> 0.66 | W7: =R7*0.9*V7 -> 44.4312 | X7: =S7*0.9*V7 -> 0 | Y7: =(R7+S7)*0.9*(100%-V7) -> 22.8888 | Z7: =Y7+(57%*W7)+(15%*X7) -> 48.214584 | AA7: =(43%*W7)+(25%*X7) -> 19.105416 | AB7: =60%*X7 -> 0 | AC7: =SUM(W7:Y7)=SUM(Z7:AB7) -> TRUE | AD7: =SUM(R7:S7)*0.9 = SUM(W7:Y7) -> TRUE
A8: Scots pine | B8: 4 | C8: 2 | D8: No thinning | E8: 2 | F8: 1 | G8: 45 | H8: 9.52 | I8: 2130 | J8: 11.61 | K8: 22.549 | L8: 0.038 | M8: 80 | N8: 0 | O8: 1.778 | P8: 45 | Q8: 11.61 | R8: 80 | S8: 0 | T8: =G8=P8 -> TRUE | U8: =J8=Q8 -> TRUE | V8: =VLOOKUP(IF(J8<10, 10, IF(J8>50,50,J8)),'Over to underbark'!$A$3:$C$43,IF(A8="Scots pine",3,IF(A8="Sitka spruce",2, "error")),TRUE)/100 -> 0.66 | W8: =R8*0.9*V8 -> 47.52 | X8: =S8*0.9*V8 -> 0 | Y8: =(R8+S8)*0.9*(100%-V8) -> 24.48 | Z8: =Y8+(57%*W8)+(15%*X8) -> 51.5664 | AA8: =(43%*W8)+(25%*X8) -> 20.4336 | AB8: =60%*X8 -> 0 | AC8: =SUM(W8:Y8)=SUM(Z8:AB8) -> TRUE | AD8: =SUM(R8:S8)*0.9 = SUM(W8:Y8) -> TRUE
A9: Scots pine | B9: 4 | C9: 2 | D9: No thinning | E9: 2 | F9: 1 | G9: 46 | H9: 9.748 | I9: 2106 | J9: 11.881 | K9: 23.348 | L9: 0.041 | M9: 86.06 | N9: 0 | O9: 1.871 | P9: 46 | Q9: 11.881 | R9: 86.06 | S9: 0 | T9: =G9=P9 -> TRUE | U9: =J9=Q9 -> TRUE | V9: =VLOOKUP(IF(J9<10, 10, IF(J9>50,50,J9)),'Over to underbark'!$A$3:$C$43,IF(A9="Scots pine",3,IF(A9="Sitka spruce",2, "error")),TRUE)/100 -> 0.66 | W9: =R9*0.9*V9 -> 51.11964 | X9: =S9*0.9*V9 -> 0 | Y9: =(R9+S9)*0.9*(100%-V9) -> 26.33436 | Z9: =Y9+(57%*W9)+(15%*X9) -> 55.472555 | AA9: =(43%*W9)+(25%*X9) -> 21.981445 | AB9: =60%*X9 -> 0 | AC9: =SUM(W9:Y9)=SUM(Z9:AB9) -> TRUE | AD9: =SUM(R9:S9)*0.9 = SUM(W9:Y9) -> TRUE
A10: Scots pine | B10: 4 | C10: 2 | D10: No thinning | E10: 2 | F10: 1 | G10: 47 | H10: 9.976 | I10: 2082 | J10: 12.152 | K10: 24.146 | L10: 0.044 | M10: 92.12 | N10: 0.043 | O10: 1.96 | P10: 47 | Q10: 12.152 | R10: 92.12 | S10: 0 | T10: =G10=P10 -> TRUE | U10: =J10=Q10 -> TRUE | V10: =VLOOKUP(IF(J10<10, 10, IF(J10>50,50,J10)),'Over to underbark'!$A$3:$C$43,IF(A10="Scots pine",3,IF(A10="Sitka spruce",2, "error")),TRUE)/100 -> 0.74 | W10: =R10*0.9*V10 -> 61.35192 | X10: =S10*0.9*V10 -> 0 | Y10: =(R10+S10)*0.9*(100%-V10) -> 21.55608 | Z10: =Y10+(57%*W10)+(15%*X10) -> 56.526674 | AA10: =(43%*W10)+(25%*X10) -> 26.381326 | AB10: =60%*X10 -> 0 | AC10: =SUM(W10:Y10)=SUM(Z10:AB10) -> TRUE | AD10: =SUM(R10:S10)*0.9 = SUM(W10:Y10) -> TRUE
A11: Scots pine | B11: 4 | C11: 2 | D11: No thinning | E11: 2 | F11: 1 | G11: 48 | H11: 10.204 | I11: 2059 | J11: 12.42 | K11: 24.945 | L11: 0.048 | M11: 98.18 | N11: 0.061 | O11: 2.045 | P11: 48 | Q11: 12.42 | R11: 98.18 | S11: 0 | T11: =G11=P11 -> TRUE | U11: =J11=Q11 -> TRUE | V11: =VLOOKUP(IF(J11<10, 10, IF(J11>50,50,J11)),'Over to underbark'!$A$3:$C$43,IF(A11="Scots pine",3,IF(A11="Sitka spruce",2, "error")),TRUE)/100 -> 0.74 | W11: =R11*0.9*V11 -> 65.38788 | X11: =S11*0.9*V11 -> 0 | Y11: =(R11+S11)*0.9*(100%-V11) -> 22.97412 | Z11: =Y11+(57%*W11)+(15%*X11) -> 60.245212 | AA11: =(43%*W11)+(25%*X11) -> 28.116788 | AB11: =60%*X11 -> 0 | AC11: =SUM(W11:Y11)=SUM(Z11:AB11) -> TRUE | AD11: =SUM(R11:S11)*0.9 = SUM(W11:Y11) -> TRUE
A12: Scots pine | B12: 4 | C12: 2 | D12: No thinning | E12: 2 | F12: 1 | G12: 49 | H12: 10.432 | I12: 2035 | J12: 12.691 | K12: 25.743 | L12: 0.051 | M12: 104.24 | N12: 0.058 | O12: 2.127 | P12: 49 | Q12: 12.691 | R12: 104.226 | S12: 0.014 | T12: =G12=P12 -> TRUE | U12: =J12=Q12 -> TRUE | V12: =VLOOKUP(IF(J12<10, 10, IF(J12>50,50,J12)),'Over to underbark'!$A$3:$C$43,IF(A12="Scots pine",3,IF(A12="Sitka spruce",2, "error")),TRUE)/100 -> 0.74 | W12: =R12*0.9*V12 -> 69.414516 | X12: =S12*0.9*V12 -> 0.009324 | Y12: =(R12+S12)*0.9*(100%-V12) -> 24.39216 | Z12: =Y12+(57%*W12)+(15%*X12) -> 63.959833 | AA12: =(43%*W12)+(25%*X12) -> 29.850573 | AB12: =60%*X12 -> 0.0055944 | AC12: =SUM(W12:Y12)=SUM(Z12:AB12) -> TRUE | AD12: =SUM(R12:S12)*0.9 = SUM(W12:Y12) -> TRUE
A13: Scots pine | B13: 4 | C13: 2 | D13: No thinning | E13: 2 | F13: 1 | G13: 50 | H13: 10.66 | I13: 2012 | J13: 12.96 | K13: 26.542 | L13: 0.055 | M13: 110.3 | N13: 0.091 | O13: 2.206 | P13: 50 | Q13: 12.96 | R13: 108.65 | S13: 1.65 | T13: =G13=P13 -> TRUE | U13: =J13=Q13 -> TRUE | V13: =VLOOKUP(IF(J13<10, 10, IF(J13>50,50,J13)),'Over to underbark'!$A$3:$C$43,IF(A13="Scots pine",3,IF(A13="Sitka spruce",2, "error")),TRUE)/100 -> 0.74 | W13: =R13*0.9*V13 -> 72.3609 | X13: =S13*0.9*V13 -> 1.0989 | Y13: =(R13+S13)*0.9*(100%-V13) -> 25.8102 | Z13: =Y13+(57%*W13)+(15%*X13) -> 67.220748 | AA13: =(43%*W13)+(25%*X13) -> 31.389912 | AB13: =60%*X13 -> 0.65934 | AC13: =SUM(W13:Y13)=SUM(Z13:AB13) -> TRUE | AD13: =SUM(R13:S13)*0.9 = SUM(W13:Y13) -> TRUE
A14: Scots pine | B14: 4 | C14: 2 | D14: No thinning | E14: 2 | F14: 1 | G14: 51 | H14: 10.868 | I14: 1997 | J14: 13.211 | K14: 27.372 | L14: 0.058 | M14: 116.76 | N14: 0.137 | O14: 2.289 | P14: 51 | Q14: 13.211 | R14: 113.369 | S14: 3.391 | T14: =G14=P14 -> TRUE | U14: =J14=Q14 -> TRUE | V14: =VLOOKUP(IF(J14<10, 10, IF(J14>50,50,J14)),'Over to underbark'!$A$3:$C$43,IF(A14="Scots pine",3,IF(A14="Sitka spruce",2, "error")),TRUE)/100 -> 0.79 | W14: =R14*0.9*V14 -> 80.605359 | X14: =S14*0.9*V14 -> 2.411001 | Y14: =(R14+S14)*0.9*(100%-V14) -> 22.06764 | Z14: =Y14+(57%*W14)+(15%*X14) -> 68.374345 | AA14: =(43%*W14)+(25%*X14) -> 35.263055 | AB14: =60%*X14 -> 1.4466006 | AC14: =SUM(W14:Y14)=SUM(Z14:AB14) -> TRUE | AD14: =SUM(R14:S14)*0.9 = SUM(W14:Y14) -> TRUE
... A459: Sitka spruce | B459: 10 | C459: 2 | D459: No thinning | E459: 2 | F459: 1 | G459: 77 | H459: 24.18 | I459: 1159 | J459: 26.77 | K459: 65.233 | L459: 0.561 | M459: 650 | N459: 10.616 | O459: 8.442 | P459: 77 | Q459: 26.77 | R459: 177.829 | S459: 472.171 | T459: =G459=P459 -> TRUE | U459: =J459=Q459 -> TRUE | V459: =VLOOKUP(IF(J459<10, 10, IF(J459>50,50,J459)),'Over to underbark'!$A$3:$C$43,IF(A459="Scots pine",3,IF(A459="Sitka spruce",2, "error")),TRUE)/100 -> 0.9 | W459: =R459*0.9*V459 -> 144.04149 | X459: =S459*0.9*V459 -> 382.45851 | Y459: =(R459+S459)*0.9*(100%-V459) -> 58.5 | Z459: =Y459+(57%*W459)+(15%*X459) -> 197.97243 | AA459: =(43%*W459)+(25%*X459) -> 157.55247 | AB459: =60%*X459 -> 229.47511 | AC459: =SUM(W459:Y459)=SUM(Z459:AB459) -> TRUE | AD459: =SUM(R459:S459)*0.9 = SUM(W459:Y459) -> TRUE
G486: 23 | H486: 7.582 | I486: 2304 | J486: 11.661 | K486: 24.604 | L486: 0.032 | M486: 72.6 | N486: 0 | O486: 3.157
G487: 24 | H487: 8.064 | I487: 2293 | J487: 12.154 | K487: 26.604 | L487: 0.037 | M487: 84.4 | N487: 0 | O487: 3.517
G488: 25 | H488: 8.546 | I488: 2282 | J488: 12.633 | K488: 28.604 | L488: 0.042 | M488: 96.2 | N488: 0 | O488: 3.848
G489: 26 | H489: 9.028 | I489: 2271 | J489: 13.099 | K489: 30.604 | L489: 0.048 | M489: 108 | N489: 0 | O489: 4.154
G490: 27 | H490: 9.51 | I490: 2261 | J490: 13.55 | K490: 32.604 | L490: 0.053 | M490: 119.8 | N490: 0 | O490: 4.437
G491: 28 | H491: 9.968 | I491: 2243 | J491: 13.941 | K491: 34.238 | L491: 0.06 | M491: 133.8 | N491: 0.134 | O491: 4.779
G492: 29 | H492: 10.426 | I492: 2226 | J492: 14.324 | K492: 35.873 | L492: 0.066 | M492: 147.8 | N492: 0.243 | O492: 5.097
G493: 30 | H493: 10.884 | I493: 2209 | J493: 14.703 | K493: 37.507 | L493: 0.073 | M493: 161.8 | N493: 0.333 | O493: 5.393
G494: 31 | H494: 11.342 | I494: 2192 | J494: 15.078 | K494: 39.142 | L494: 0.08 | M494: 175.8 | N494: 0.408 | O494: 5.671
G495: 32 | H495: 11.8 | I495: 2175 | J495: 15.45 | K495: 40.776 | L495: 0.087 | M495: 189.8 | N495: 0.472 | O495: 5.931
G496: 33 | H496: 12.224 | I496: 2142 | J496: 15.803 | K496: 42.013 | L496: 0.096 | M496: 204.74 | N496: 0.66 | O496: 6.204
G497: 34 | H497: 12.648 | I497: 2110 | J497: 16.155 | K497: 43.249 | L497: 0.104 | M497: 219.68 | N497: 0.822 | O497: 6.461
... G540: 77 | H540: 24.18 | I540: 1159 | J540: 26.77 | K540: 65.233 | L540: 0.561 | M540: 650 | N540: 10.616 | O540: 8.442

Sheet Over to underbark
A1: Mean dbh | B1: %_Sitka | C1: %_Scots
B2: Sitka spruce | C2: Scots pine
A3: 10 | B3: 73 | C3: 53 | E3: For mean dbh < 10 cm apply 10 cm values
A4: 11 | B4: 82 | C4: 66
A5: 12 | B5: 87 | C5: 74
A6: 13 | B6: 89 | C6: 79
A7: 14 | B7: 90 | C7: 82
A8: 15 | B8: 90 | C8: 84
A9: 16 | B9: 89 | C9: 84
A10: 17 | B10: 90 | C10: 84
A11: 18 | B11: 90 | C11: 84
A12: 19 | B12: 90 | C12: 84
A13: 20 | B13: 90 | C13: 84
A14: 21 | B14: 90 | C14: 84
A15: 22 | B15: 90 | C15: 84
... A42: 49 | B42: 91 | C42: 85
A43: 50 | B43: 92 | C43: 85 | E43: For mean dbh > 50 cm apply 50 cm values

Sheet CARBINE OUTPUTS
A1: tree_species | B1: yield_class | C1: management | D1: year | E1: tree_carbon (t C/ha) | F1: deadwood_carbon (t C/ha) | G1: tree_species | H1: yield_class | I1: year | J1: litter_carbon (t C/ha) | K1: Check | L1: Total tree carbon (t C/ha) | M1: Total tree biomass (green t/ha) | N1: Total tree biomass (m3/ha)
A2: sitka_spruce | B2: 6 | C2: no_thinning_no_felling | D2: 0 | E2: 0 | F2: 0 | G2: sitka_spruce | H2: 6 | I2: 0 | J2: 0 | K2: =H2=B2 -> TRUE | L2: =E2+F2+J2 -> 0 | M2: =(L2*2)*(100/50) -> 0 | N2: =M2*1.222 -> 0
A3: sitka_spruce | B3: 6 | C3: no_thinning_no_felling | D3: 1 | E3: 0.012398352 | F3: 6.4403682e-05 | G3: sitka_spruce | H3: 6 | I3: 1 | J3: 0.00014025685 | K3: =H3=B3 -> TRUE | L3: =E3+F3+J3 -> 0.012603013 | M3: =(L3*2)*(100/50) -> 0.050412052 | N3: =M3*1.222 -> 0.061603527
A4: sitka_spruce | B4: 6 | C4: no_thinning_no_felling | D4: 2 | E4: 0.027896293 | F4: 0.00020737986 | G4: sitka_spruce | H4: 6 | I4: 2 | J4: 0.00040378114 | K4: =H4=B4 -> TRUE | L4: =E4+F4+J4 -> 0.028507454 | M4: =(L4*2)*(100/50) -> 0.11402982 | N4: =M4*1.222 -> 0.13934443
A5: sitka_spruce | B5: 6 | C5: no_thinning_no_felling | D5: 3 | E5: 0.047268718 | F5: 0.0004466975 | G5: sitka_spruce | H5: 6 | I5: 3 | J5: 0.00078994023 | K5: =H5=B5 -> TRUE | L5: =E5+F5+J5 -> 0.048505356 | M5: =(L5*2)*(100/50) -> 0.19402142 | N5: =M5*1.222 -> 0.23709418
A6: sitka_spruce | B6: 6 | C6: no_thinning_no_felling | D6: 4 | E6: 0.07148425 | F6: 0.00080462405 | G6: sitka_spruce | H6: 6 | I6: 4 | J6: 0.0013100628 | K6: =H6=B6 -> TRUE | L6: =E6+F6+J6 -> 0.073598937 | M6: =(L6*2)*(100/50) -> 0.29439575 | N6: =M6*1.222 -> 0.3597516
A7: sitka_spruce | B7: 6 | C7: no_thinning_no_felling | D7: 5 | E7: 0.10175367 | F7: 0.0013090484 | G7: sitka_spruce | H7: 6 | I7: 5 | J7: 0.0019855174 | K7: =H7=B7 -> TRUE | L7: =E7+F7+J7 -> 0.10504823 | M7: =(L7*2)*(100/50) -> 0.42019292 | N7: =M7*1.222 -> 0.51347575
A8: sitka_spruce | B8: 6 | C8: no_thinning_no_felling | D8: 6 | E8: 0.13959043 | F8: 0.0019948844 | G8: sitka_spruce | H8: 6 | I8: 6 | J8: 0.0028473609 | K8: =H8=B8 -> TRUE | L8: =E8+F8+J8 -> 0.14443268 | M8: =(L8*2)*(100/50) -> 0.57773072 | N8: =M8*1.222 -> 0.70598694
A9: sitka_spruce | B9: 6 | C9: no_thinning_no_felling | D9: 7 | E9: 0.18688639 | F9: 0.0029058259 | G9: sitka_spruce | H9: 6 | I9: 7 | J9: 0.0039370793 | K9: =H9=B9 -> TRUE | L9: =E9+F9+J9 -> 0.1937293 | M9: =(L9*2)*(100/50) -> 0.7749172 | N9: =M9*1.222 -> 0.94694882
A10: sitka_spruce | B10: 6 | C10: no_thinning_no_felling | D10: 8 | E10: 0.24600635 | F10: 0.0040965398 | G10: sitka_spruce | H10: 6 | I10: 8 | J10: 0.0053081965 | K10: =H10=B10 -> TRUE | L10: =E10+F10+J10 -> 0.25541108 | M10: =(L10*2)*(100/50) -> 1.0216443 | N10: =M10*1.222 -> 1.2484494
A11: sitka_spruce | B11: 6 | C11: no_thinning_no_felling | D11: 9 | E11: 0.31990628 | F11: 0.0056354081 | G11: sitka_spruce | H11: 6 | I11: 9 | J11: 0.0070286837 | K11: =H11=B11 -> TRUE | L11: =E11+F11+J11 -> 0.33257038 | M11: =(L11*2)*(100/50) -> 1.3302815 | N11: =M11*1.222 -> 1.625604
A12: sitka_spruce | B12: 6 | C12: no_thinning_no_felling | D12: 10 | E12: 0.41228121 | F12: 0.0076079553 | G12: sitka_spruce | H12: 6 | I12: 10 | J12: 0.0091842031 | K12: =H12=B12 -> TRUE | L12: =E12+F12+J12 -> 0.42907337 | M12: =(L12*2)*(100/50) -> 1.7162935 | N12: =M12*1.222 -> 2.0973106
A13: sitka_spruce | B13: 6 | C13: no_thinning_no_felling | D13: 11 | E13: 0.52774986 | F13: 0.010121132 | G13: sitka_spruce | H13: 6 | I13: 11 | J13: 0.011882301 | K13: =H13=B13 -> TRUE | L13: =E13+F13+J13 -> 0.5497533 | M13: =(L13*2)*(100/50) -> 2.1990132 | N13: =M13*1.222 -> 2.6871941
... A1718: scots_pine | B1718: 14 | C1718: no_thinning_no_felling | D1718: 100 | E1718: 356.35632 | F1718: 56.81412 | G1718: scots_pine | H1718: 14 | I1718: 100 | J1718: 14.840761 | K1718: =H1718=B1718 -> TRUE | L1718: =E1718+F1718+J1718 -> 428.0112 | M1718: =(L1718*2)*(100/50) -> 1712.0448 | N1718: =M1718*1.222 -> 2092.1187
