Workbook

Sheet Sheet1
A1: Stand details | H1: Yield tables | AA1: Products | AO1: (for mulching)
A2: Tree Spp | B2: YC | C2: Spacing | D2: Thinning treatment | E2: Spacing (m) | F2: Stand area (ha) | G2: Age | H2: Top ht m | I2: Trees /ha | J2: Mean dbh cm | K2: BA m²/ha | L2: Mean vol m³ | M2: Vol m³/ha | N2: Percent mortality | O2: MAI vol m³/ha /yr | P2: (age) | Q2: (mean dbh) | R2: Small RW Main crop volume (m3/ha) | S2: Sawlog Main crop volume (m3/ha) | T2: Check | U2: check | V2: Over to underbark conversion (%) | W2: Extracted Small RW (m3/ha) | X2: Extracted Sawlogs (m3/ha) | Y2: Bark (m3/ha) | Z2: Volume fuel (m3/ha) | AA2: Volume short-lived products (paper) (m3/ha) | AB2: Volume medium-lived products (m3/ha) | AC2: Volume long-lived products (m3/ha) | AD2: Biomass fuel (odt/ha) | AE2: BIomass short-lived products (odt/ha) | AF2: Biomass medium-lived products (odt/ha) | AG2: Biomass long-lived products (odt/ha) | AH2: Check | AI2: Check | AJ2: Stem biomass (odt/ha) | AK2: Crown biomass (odt/ha) | AL2: Root biomass (odt/ha) | AM2: Total above ground tree biomass (odt/ha) | AN2: Total above ground tree volume (m3/ha) | AO2: Above-ground biomass (t green/ha) | AQ2: Check wood product proportions
A3: Scots pine | B3: 4 | C3: 2 | D3: No thinning | E3: 2 | F3: 1 | G3: 40 | H3: 8.29 | I3: 2183 | J3: 10.19 | K3: 17.803 | L3: 0.025 | M3: 54 | N3: 0 | O3: 1.35 | P3: 40 | Q3: 10.19 | R3: 54 | S3: 0 | T3: =G3=P3 -> TRUE | U3: =J3=Q3 -> TRUE | V3: =VLOOKUP(IF(J3<10, 10, IF(J3>50,50,J3)),'Over to underbark'!$A$3:$C$43,IF(A3="Scots pine",3,IF(A3="Sitka spruce",2, "error")),TRUE)/100 -> 0.53 | W3: =R3*0.9*V3 -> 25.758 | X3: =S3*0.9*V3 -> 0 | Y3: =(R3+S3)*0.9*(100%-V3) -> 22.842 | Z3: =(50%*Y3)+(46%*W3)+(15%*X3)+(43%*W3*10%)+(43%*W3*90%*5%)+(25%*X3*50%)+(60%*X3*8%) -> 24.875691 | AA3: =(50%*Y3)+(11%*W3) -> 14.25438 | AB3: =(43%*W3*90%*95%)+(25%*X3*50%) -> 9.4699287 | AC3: =60%*X3*92% -> 0 | AD3: =LOOKUP($A3,'Over to underbark'!$A$47:$A$48,'Over to underbark'!E$47:E$48)*Z3 -> 10.44779 | AE3: =LOOKUP($A3,'Over to underbark'!$A$47:$A$48,'Over to underbark'!E$47:E$48)*AA3 -> 5.9868396 | AF3: =LOOKUP($A3,'Over to underbark'!$A$47:$A$48,'Over to underbark'!E$47:E$48)*AB3 -> 3.9773701 | AG3: =LOOKUP($A3,'Over to underbark'!$A$47:$A$48,'Over to underbark'!E$47:E$48)*AC3 -> 0 | AH3: =SUM(W3:Y3)=SUM(Z3:AC3) -> TRUE | AI3: =SUM(R3:S3)*0.9 = SUM(W3:Y3) -> TRUE | AJ3: =LOOKUP(A3,'Over to underbark'!$A$47:$A$48,'Over to underbark'!E$47:E$48)*M3 -> 22.68 | AK3: =LOOKUP(A3,'Over to underbark'!$A$47:$A$48,'Over to underbark'!$B$47:$B$48)*AJ3 -> 7.7112 | AL3: =LOOKUP(A3,'Over to underbark'!$A$47:$A$48,'Over to underbark'!C$47:C$48)*AJ3 -> 7.938 | AM3: =AJ3+AK3 -> 30.3912 | AN3: 72.36 | AO3: =AM3*2 -> 60.7824 | AQ3: =(AD3+AE3+AF3+AG3)/AM3 -> 0.67164179
A4: Scots pine | B4: 4 | C4: 2 | D4: No thinning | E4: 2 | F4: 1 | G4: 41 | H4: 8.536 | I4: 2172 | J4: 10.485 | K4: 18.752 | L4: 0.027 | M4: 59.2 | N4: 0 | O4: 1.444 | P4: 41 | Q4: 10.485 | R4: 59.2 | S4: 0 | T4: =G4=P4 -> TRUE | U4: =J4=Q4 -> TRUE | V4: =VLOOKUP(IF(J4<10, 10, IF(J4>50,50,J4)),'Over to underbark'!$A$3:$C$43,IF(A4="Scots pine",3,IF(A4="Sitka spruce",2, "error")),TRUE)/100 -> 0.53 | W4: =R4*0.9*V4 -> 28.2384 | X4: =S4*0.9*V4 -> 0 | Y4: =(R4+S4)*0.9*(100%-V4) -> 25.0416 | Z4: =(50%*Y4)+(46%*W4)+(15%*X4)+(43%*W4*10%)+(43%*W4*90%*5%)+(25%*X4*50%)+(60%*X4*8%) -> 27.271128 | AA4: =(50%*Y4)+(11%*W4) -> 15.627024 | AB4: =(43%*W4*90%*95%)+(25%*X4*50%) -> 10.381848 | AC4: =60%*X4*92% -> 0 | AD4: =LOOKUP($A4,'Over to underbark'!$A$47:$A$48,'Over to underbark'!E$47:E$48)*Z4 -> 11.453874 | AE4: =LOOKUP($A4,'Over to underbark'!$A$47:$A$48,'Over to underbark'!E$47:E$48)*AA4 -> 6.5633501 | AF4: =LOOKUP($A4,'Over to underbark'!$A$47:$A$48,'Over to underbark'!E$47:E$48)*AB4 -> 4.3603761 | AG4: =LOOKUP($A4,'Over to underbark'!$A$47:$A$48,'Over to underbark'!E$47:E$48)*AC4 -> 0 | AH4: =SUM(W4:Y4)=SUM(Z4:AC4) -> TRUE | AI4: =SUM(R4:S4)*0.9 = SUM(W4:Y4) -> TRUE | AJ4: =LOOKUP(A4,'Over to underbark'!$A$47:$A$48,'Over to underbark'!E$47:E$48)*M4 -> 24.864 | AK4: =LOOKUP(A4,'Over to underbark'!$A$47:$A$48,'Over to underbark'!$B$47:$B$48)*AJ4 -> 8.45376 | AL4: =LOOKUP(A4,'Over to underbark'!$A$47:$A$48,'Over to underbark'!C$47:C$48)*AJ4 -> 8.7024 | AM4: =AJ4+AK4 -> 33.31776 | AN4: 79.33 | AO4: =AM4*2 -> 66.63552 | AQ4: =(AD4+AE4+AF4+AG4)/AM4 -> 0.67164179
A5: Scots pine | B5: 4 | C5: 2 | D5: No thinning | E5: 2 | F5: 1 | G5: 42 | H5: 8.782 | I5: 2161 | J5: 10.774 | K5: 19.702 | L5: 0.03 | M5: 64.4 | N5: 0 | O5: 1.533 | P5: 42 | Q5: 10.774 | R5: 64.4 | S5: 0 | T5: =G5=P5 -> TRUE | U5: =J5=Q5 -> TRUE | V5: =VLOOKUP(IF(J5<10, 10, IF(J5>50,50,J5)),'Over to underbark'!$A$3:$C$43,IF(A5="Scots pine",3,IF(A5="Sitka spruce",2, "error")),TRUE)/100 -> 0.53 | W5: =R5*0.9*V5 -> 30.7188 | X5: =S5*0.9*V5 -> 0 | Y5: =(R5+S5)*0.9*(100%-V5) -> 27.2412 | Z5: =(50%*Y5)+(46%*W5)+(15%*X5)+(43%*W5*10%)+(43%*W5*90%*5%)+(25%*X5*50%)+(60%*X5*8%) -> 29.666565 | AA5: =(50%*Y5)+(11%*W5) -> 16.999668 | AB5: =(43%*W5*90%*95%)+(25%*X5*50%) -> 11.293767 | AC5: =60%*X5*92% -> 0 | AD5: =LOOKUP($A5,'Over to underbark'!$A$47:$A$48,'Over to underbark'!E$47:E$48)*Z5 -> 12.459957 | AE5: =LOOKUP($A5,'Over to underbark'!$A$47:$A$48,'Over to underbark'!E$47:E$48)*AA5 -> 7.1398606 | AF5: =LOOKUP($A5,'Over to underbark'!$A$47:$A$48,'Over to underbark'!E$47:E$48)*AB5 -> 4.7433821 | AG5: =LOOKUP($A5,'Over to underbark'!$A$47:$A$48,'Over to underbark'!E$47:E$48)*AC5 -> 0 | AH5: =SUM(W5:Y5)=SUM(Z5:AC5) -> TRUE | AI5: =SUM(R5:S5)*0.9 = SUM(W5:Y5) -> TRUE | AJ5: =LOOKUP(A5,'Over to underbark'!$A$47:$A$48,'Over to underbark'!E$47:E$48)*M5 -> 27.048 | AK5: =LOOKUP(A5,'Over to underbark'!$A$47:$A$48,'Over to underbark'!$B$47:$B$48)*AJ5 -> 9.19632 | AL5: =LOOKUP(A5,'Over to underbark'!$A$47:$A$48,'Over to underbark'!C$47:C$48)*AJ5 -> 9.4668 | AM5: =AJ5+AK5 -> 36.24432 | AN5: 86.3 | AO5: =AM5*2 -> 72.48864 | AQ5: =(AD5+AE5+AF5+AG5)/AM5 -> 0.67164179
A6: Scots pine | B6: 4 | C6: 2 | D6: No thinning | E6: 2 | F6: 1 | G6: 43 | H6: 9.028 | I6: 2151 | J6: 11.056 | K6: 20.651 | L6: 0.032 | M6: 69.6 | N6: 0 | O6: 1.619 | P6: 43 | Q6: 11.056 | R6: 69.6 | S6: 0 | T6: =G6=P6 -> TRUE | U6: =J6=Q6 -> TRUE | V6: =VLOOKUP(IF(J6<10, 10, IF(J6>50,50,J6)),'Over to underbark'!$A$3:$C$43,IF(A6="Scots pine",3,IF(A6="Sitka spruce",2, "error")),TRUE)/100 -> 0.66 | W6: =R6*0.9*V6 -> 41.3424 | X6: =S6*0.9*V6 -> 0 | Y6: =(R6+S6)*0.9*(100%-V6) -> 21.2976 | Z6: =(50%*Y6)+(46%*W6)+(15%*X6)+(43%*W6*10%)+(43%*W6*90%*5%)+(25%*X6*50%)+(60%*X6*8%) -> 32.244003 | AA6: =(50%*Y6)+(11%*W6) -> 15.196464 | AB6: =(43%*W6*90%*95%)+(25%*X6*50%) -> 15.199533 | AC6: =60%*X6*92% -> 0 | AD6: =LOOKUP($A6,'Over to underbark'!$A$47:$A$48,'Over to underbark'!E$47:E$48)*Z6 -> 13.542481 | AE6: =LOOKUP($A6,'Over to underbark'!$A$47:$A$48,'Over to underbark'!E$47:E$48)*AA6 -> 6.3825149 | AF6: =LOOKUP($A6,'Over to underbark'!$A$47:$A$48,'Over to underbark'!E$47:E$48)*AB6 -> 6.383804 | AG6: =LOOKUP($A6,'Over to underbark'!$A$47:$A$48,'Over to underbark'!E$47:E$48)*AC6 -> 0 | AH6: =SUM(W6:Y6)=SUM(Z6:AC6) -> TRUE | AI6: =SUM(R6:S6)*0.9 = SUM(W6:Y6) -> TRUE | AJ6: =LOOKUP(A6,'Over to underbark'!$A$47:$A$48,'Over to underbark'!E$47:E$48)*M6 -> 29.232 | AK6: =LOOKUP(A6,'Over to underbark'!$A$47:$A$48,'Over to underbark'!$B$47:$B$48)*AJ6 -> 9.93888 | AL6: =LOOKUP(A6,'Over to underbark'!$A$47:$A$48,'Over to underbark'!C$47:C$48)*AJ6 -> 10.2312 | AM6: =AJ6+AK6 -> 39.17088 | AN6: 93.26 | AO6: =AM6*2 -> 78.34176 | AQ6: =(AD6+AE6+AF6+AG6)/AM6 -> 0.67164179
A7: Scots pine | B7: 4 | C7: 2 | D7: No thinning | E7: 2 | F7: 1 | G7: 44 | H7: 9.274 | I7: 2140 | J7: 11.336 | K7: 21.6 | L7: 0.035 | M7: 74.8 | N7: 0 | O7: 1.7 | P7: 44 | Q7: 11.336 | R7: 74.8 | S7: 0 | T7: =G7=P7 -> TRUE | U7: =J7=Q7 -> TRUE | V7: =VLOOKUP(IF(J7<10, 10, IF(J7>50,50,J7)),'Over to underbark'!$A$3:$C$43,IF(A7="Scots pine",3,IF(A7="Sitka spruce",2, "error")),TRUE)/100 -> 0.66 | W7: =R7*0.9*V7 -> 44.4312 | X7: =S7*0.9*V7 -> 0 | Y7: =(R7+S7)*0.9*(100%-V7) -> 22.8888 | Z7: =(50%*Y7)+(46%*W7)+(15%*X7)+(43%*W7*10%)+(43%*W7*90%*5%)+(25%*X7*50%)+(60%*X7*8%) -> 34.653037 | AA7: =(50%*Y7)+(11%*W7) -> 16.331832 | AB7: =(43%*W7*90%*95%)+(25%*X7*50%) -> 16.335131 | AC7: =60%*X7*92% -> 0 | AD7: =LOOKUP($A7,'Over to underbark'!$A$47:$A$48,'Over to underbark'!E$47:E$48)*Z7 -> 14.554276 | AE7: =LOOKUP($A7,'Over to underbark'!$A$47:$A$48,'Over to underbark'!E$47:E$48)*AA7 -> 6.8593694 | AF7: =LOOKUP($A7,'Over to underbark'!$A$47:$A$48,'Over to underbark'!E$47:E$48)*AB7 -> 6.8607549 | AG7: =LOOKUP($A7,'Over to underbark'!$A$47:$A$48,'Over to underbark'!E$47:E$48)*AC7 -> 0 | AH7: =SUM(W7:Y7)=SUM(Z7:AC7) -> TRUE | AI7: =SUM(R7:S7)*0.9 = SUM(W7:Y7) -> TRUE | AJ7: =LOOKUP(A7,'Over to underbark'!$A$47:$A$48,'Over to underbark'!E$47:E$48)*M7 -> 31.416 | AK7: =LOOKUP(A7,'Over to underbark'!$A$47:$A$48,'Over to underbark'!$B$47:$B$48)*AJ7 -> 10.68144 | AL7: =LOOKUP(A7,'Over to underbark'!$A$47:$A$48,'Over to underbark'!C$47:C$48)*AJ7 -> 10.9956 | AM7: =AJ7+AK7 -> 42.09744 | AN7: 100.23 | AO7: =AM7*2 -> 84.19488 | AQ7: =(AD7+AE7+AF7+AG7)/AM7 -> 0.67164179
A8: Scots pine | B8: 4 | C8: 2 | D8: No thinning | E8: 2 | F8: 1 | G8: 45 | H8: 9.52 | I8: 2130 | J8: 11.61 | K8: 22.549 | L8: 0.038 | M8: 80 | N8: 0 | O8: 1.778 | P8: 45 | Q8: 11.61 | R8: 80 | S8: 0 | T8: =G8=P8 -> TRUE | U8: =J8=Q8 -> TRUE | V8: =VLOOKUP(IF(J8<10, 10, IF(J8>50,50,J8)),'Over to underbark'!$A$3:$C$43,IF(A8="Scots pine",3,IF(A8="Sitka spruce",2, "error")),TRUE)/100 -> 0.66 | W8: =R8*0.9*V8 -> 47.52 | X8: =S8*0.9*V8 -> 0 | Y8: =(R8+S8)*0.9*(100%-V8) -> 24.48 | Z8: =(50%*Y8)+(46%*W8)+(15%*X8)+(43%*W8*10%)+(43%*W8*90%*5%)+(25%*X8*50%)+(60%*X8*8%) -> 37.062072 | AA8: =(50%*Y8)+(11%*W8) -> 17.4672 | AB8: =(43%*W8*90%*95%)+(25%*X8*50%) -> 17.470728 | AC8: =60%*X8*92% -> 0 | AD8: =LOOKUP($A8,'Over to underbark'!$A$47:$A$48,'Over to underbark'!E$47:E$48)*Z8 -> 15.56607 | AE8: =LOOKUP($A8,'Over to underbark'!$A$47:$A$48,'Over to underbark'!E$47:E$48)*AA8 -> 7.336224 | AF8: =LOOKUP($A8,'Over to underbark'!$A$47:$A$48,'Over to underbark'!E$47:E$48)*AB8 -> 7.3377058 | AG8: =LOOKUP($A8,'Over to underbark'!$A$47:$A$48,'Over to underbark'!E$47:E$48)*AC8 -> 0 | AH8: =SUM(W8:Y8)=SUM(Z8:AC8) -> TRUE | AI8: =SUM(R8:S8)*0.9 = SUM(W8:Y8) -> TRUE | AJ8: =LOOKUP(A8,'Over to underbark'!$A$47:$A$48,'Over to underbark'!E$47:E$48)*M8 -> 33.6 | AK8: =LOOKUP(A8,'Over to underbark'!$A$47:$A$48,'Over to underbark'!$B$47:$B$48)*AJ8 -> 11.424 | AL8: =LOOKUP(A8,'Over to underbark'!$A$47:$A$48,'Over to underbark'!C$47:C$48)*AJ8 -> 11.76 | AM8: =AJ8+AK8 -> 45.024 | AN8: 107.2 | AO8: =AM8*2 -> 90.048 | AQ8: =(AD8+AE8+AF8+AG8)/AM8 -> 0.67164179
A9: Scots pine | B9: 4 | C9: 2 | D9: No thinning | E9: 2 | F9: 1 | G9: 46 | H9: 9.748 | I9: 2106 | J9: 11.881 | K9: 23.348 | L9: 0.041 | M9: 86.06 | N9: 0 | O9: 1.871 | P9: 46 | Q9: 11.881 | R9: 86.06 | S9: 0 | T9: =G9=P9 -> TRUE | U9: =J9=Q9 -> TRUE | V9: =VLOOKUP(IF(J9<10, 10, IF(J9>50,50,J9)),'Over to underbark'!$A$3:$C$43,IF(A9="Scots pine",3,IF(A9="Sitka spruce",2, "error")),TRUE)/100 -> 0.66 | W9: =R9*0.9*V9 -> 51.11964 | X9: =S9*0.9*V9 -> 0 | Y9: =(R9+S9)*0.9*(100%-V9) -> 26.33436 | Z9: =(50%*Y9)+(46%*W9)+(15%*X9)+(43%*W9*10%)+(43%*W9*90%*5%)+(25%*X9*50%)+(60%*X9*8%) -> 39.869524 | AA9: =(50%*Y9)+(11%*W9) -> 18.79034 | AB9: =(43%*W9*90%*95%)+(25%*X9*50%) -> 18.794136 | AC9: =60%*X9*92% -> 0 | AD9: =LOOKUP($A9,'Over to underbark'!$A$47:$A$48,'Over to underbark'!E$47:E$48)*Z9 -> 16.7452 | AE9: =LOOKUP($A9,'Over to underbark'!$A$47:$A$48,'Over to underbark'!E$47:E$48)*AA9 -> 7.891943 | AF9: =LOOKUP($A9,'Over to underbark'!$A$47:$A$48,'Over to underbark'!E$47:E$48)*AB9 -> 7.893537 | AG9: =LOOKUP($A9,'Over to underbark'!$A$47:$A$48,'Over to underbark'!E$47:E$48)*AC9 -> 0 | AH9: =SUM(W9:Y9)=SUM(Z9:AC9) -> TRUE | AI9: =SUM(R9:S9)*0.9 = SUM(W9:Y9) -> TRUE | AJ9: =LOOKUP(A9,'Over to underbark'!$A$47:$A$48,'Over to underbark'!E$47:E$48)*M9 -> 36.1452 | AK9: =LOOKUP(A9,'Over to underbark'!$A$47:$A$48,'Over to underbark'!$B$47:$B$48)*AJ9 -> 12.289368 | AL9: =LOOKUP(A9,'Over to underbark'!$A$47:$A$48,'Over to underbark'!C$47:C$48)*AJ9 -> 12.65082 | AM9: =AJ9+AK9 -> 48.434568 | AN9: 115.32 | AO9: =AM9*2 -> 96.869136 | AQ9: =(AD9+AE9+AF9+AG9)/AM9 -> 0.67164179
A10: Scots pine | B10: 4 | C10: 2 | D10: No thinning | E10: 2 | F10: 1 | G10: 47 | H10: 9.976 | I10: 2082 | J10: 12.152 | K10: 24.146 | L10: 0.044 | M10: 92.12 | N10: 0.043 | O10: 1.96 | P10: 47 | Q10: 12.152 | R10: 92.12 | S10: 0 | T10: =G10=P10 -> TRUE | U10: =J10=Q10 -> TRUE | V10: =VLOOKUP(IF(J10<10, 10, IF(J10>50,50,J10)),'Over to underbark'!$A$3:$C$43,IF(A10="Scots pine",3,IF(A10="Sitka spruce",2, "error")),TRUE)/100 -> 0.74 | W10: =R10*0.9*V10 -> 61.35192 | X10: =S10*0.9*V10 -> 0 | Y10: =(R10+S10)*0.9*(100%-V10) -> 21.55608 | Z10: =(50%*Y10)+(46%*W10)+(15%*X10)+(43%*W10*10%)+(43%*W10*90%*5%)+(25%*X10*50%)+(60%*X10*8%) -> 42.825215 | AA10: =(50%*Y10)+(11%*W10) -> 17.526751 | AB10: =(43%*W10*90%*95%)+(25%*X10*50%) -> 22.556033 | AC10: =60%*X10*92% -> 0 | AD10: =LOOKUP($A10,'Over to underbark'!$A$47:$A$48,'Over to underbark'!E$47:E$48)*Z10 -> 17.98659 | AE10: =LOOKUP($A10,'Over to underbark'!$A$47:$A$48,'Over to underbark'!E$47:E$48)*AA10 -> 7.3612355 | AF10: =LOOKUP($A10,'Over to underbark'!$A$47:$A$48,'Over to underbark'!E$47:E$48)*AB10 -> 9.473534 | AG10: =LOOKUP($A10,'Over to underbark'!$A$47:$A$48,'Over to underbark'!E$47:E$48)*AC10 -> 0 | AH10: =SUM(W10:Y10)=SUM(Z10:AC10) -> TRUE | AI10: =SUM(R10:S10)*0.9 = SUM(W10:Y10) -> TRUE | AJ10: =LOOKUP(A10,'Over to underbark'!$A$47:$A$48,'Over to underbark'!E$47:E$48)*M10 -> 38.6904 | AK10: =LOOKUP(A10,'Over to underbark'!$A$47:$A$48,'Over to underbark'!$B$47:$B$48)*AJ10 -> 13.154736 | AL10: =LOOKUP(A10,'Over to underbark'!$A$47:$A$48,'Over to underbark'!C$47:C$48)*AJ10 -> 13.54164 | AM10: =AJ10+AK10 -> 51.845136 | AN10: 123.44 | AO10: =AM10*2 -> 103.69027 | AQ10: =(AD10+AE10+AF10+AG10)/AM10 -> 0.67164179
A11: Scots pine | B11: 4 | C11: 2 | D11: No thinning | E11: 2 | F11: 1 | G11: 48 | H11: 10.204 | I11: 2059 | J11: 12.42 | K11: 24.945 | L11: 0.048 | M11: 98.18 | N11: 0.061 | O11: 2.045 | P11: 48 | Q11: 12.42 | R11: 98.18 | S11: 0 | T11: =G11=P11 -> TRUE | U11: =J11=Q11 -> TRUE | V11: =VLOOKUP(IF(J11<10, 10, IF(J11>50,50,J11)),'Over to underbark'!$A$3:$C$43,IF(A11="Scots pine",3,IF(A11="Sitka spruce",2, "error")),TRUE)/100 -> 0.74 | W11: =R11*0.9*V11 -> 65.38788 | X11: =S11*0.9*V11 -> 0 | Y11: =(R11+S11)*0.9*(100%-V11) -> 22.97412 | Z11: =(50%*Y11)+(46%*W11)+(15%*X11)+(43%*W11*10%)+(43%*W11*90%*5%)+(25%*X11*50%)+(60%*X11*8%) -> 45.642419 | AA11: =(50%*Y11)+(11%*W11) -> 18.679727 | AB11: =(43%*W11*90%*95%)+(25%*X11*50%) -> 24.039854 | AC11: =60%*X11*92% -> 0 | AD11: =LOOKUP($A11,'Over to underbark'!$A$47:$A$48,'Over to underbark'!E$47:E$48)*Z11 -> 19.169816 | AE11: =LOOKUP($A11,'Over to underbark'!$A$47:$A$48,'Over to underbark'!E$47:E$48)*AA11 -> 7.8454853 | AF11: =LOOKUP($A11,'Over to underbark'!$A$47:$A$48,'Over to underbark'!E$47:E$48)*AB11 -> 10.096739 | AG11: =LOOKUP($A11,'Over to underbark'!$A$47:$A$48,'Over to underbark'!E$47:E$48)*AC11 -> 0 | AH11: =SUM(W11:Y11)=SUM(Z11:AC11) -> TRUE | AI11: =SUM(R11:S11)*0.9 = SUM(W11:Y11) -> TRUE | AJ11: =LOOKUP(A11,'Over to underbark'!$A$47:$A$48,'Over to underbark'!E$47:E$48)*M11 -> 41.2356 | AK11: =LOOKUP(A11,'Over to underbark'!$A$47:$A$48,'Over to underbark'!$B$47:$B$48)*AJ11 -> 14.020104 | AL11: =LOOKUP(A11,'Over to underbark'!$A$47:$A$48,'Over to underbark'!C$47:C$48)*AJ11 -> 14.43246 | AM11: =AJ11+AK11 -> 55.255704 | AN11: 131.56 | AO11: =AM11*2 -> 110.51141 | AQ11: =(AD11+AE11+AF11+AG11)/AM11 -> 0.67164179
A12: Scots pine | B12: 4 | C12: 2 | D12: No thinning | E12: 2 | F12: 1 | G12: 49 | H12: 10.432 | I12: 2035 | J12: 12.691 | K12: 25.743 | L12: 0.051 | M12: 104.24 | N12: 0.058 | O12: 2.127 | P12: 49 | Q12: 12.691 | R12: 104.226 | S12: 0.014 | T12: =G12=P12 -> TRUE | U12: =J12=Q12 -> TRUE | V12: =VLOOKUP(IF(J12<10, 10, IF(J12>50,50,J12)),'Over to underbark'!$A$3:$C$43,IF(A12="Scots pine",3,IF(A12="Sitka spruce",2, "error")),TRUE)/100 -> 0.74 | W12: =R12*0.9*V12 -> 69.414516 | X12: =S12*0.9*V12 -> 0.009324 | Y12: =(R12+S12)*0.9*(100%-V12) -> 24.39216 | Z12: =(50%*Y12)+(46%*W12)+(15%*X12)+(43%*W12*10%)+(43%*W12*90%*5%)+(25%*X12*50%)+(60%*X12*8%) -> 48.457764 | AA12: =(50%*Y12)+(11%*W12) -> 19.831677 | AB12: =(43%*W12*90%*95%)+(25%*X12*50%) -> 25.521412 | AC12: =60%*X12*92% -> 0.005146848 | AD12: =LOOKUP($A12,'Over to underbark'!$A$47:$A$48,'Over to underbark'!E$47:E$48)*Z12 -> 20.352261 | AE12: =LOOKUP($A12,'Over to underbark'!$A$47:$A$48,'Over to underbark'!E$47:E$48)*AA12 -> 8.3293042 | AF12: =LOOKUP($A12,'Over to underbark'!$A$47:$A$48,'Over to underbark'!E$47:E$48)*AB12 -> 10.718993 | AG12: =LOOKUP($A12,'Over to underbark'!$A$47:$A$48,'Over to underbark'!E$47:E$48)*AC12 -> 0.0021616762 | AH12: =SUM(W12:Y12)=SUM(Z12:AC12) -> TRUE | AI12: =SUM(R12:S12)*0.9 = SUM(W12:Y12) -> TRUE | AJ12: =LOOKUP(A12,'Over to underbark'!$A$47:$A$48,'Over to underbark'!E$47:E$48)*M12 -> 43.7808 | AK12: =LOOKUP(A12,'Over to underbark'!$A$47:$A$48,'Over to underbark'!$B$47:$B$48)*AJ12 -> 14.885472 | AL12: =LOOKUP(A12,'Over to underbark'!$A$47:$A$48,'Over to underbark'!C$47:C$48)*AJ12 -> 15.32328 | AM12: =AJ12+AK12 -> 58.666272 | AN12: 139.68 | AO12: =AM12*2 -> 117.33254 | AQ12: =(AD12+AE12+AF12+AG12)/AM12 -> 0.67164179
A13: Scots pine | B13: 4 | C13: 2 | D13: No thinning | E13: 2 | F13: 1 | G13: 50 | H13: 10.66 | I13: 2012 | J13: 12.96 | K13: 26.542 | L13: 0.055 | M13: 110.3 | N13: 0.091 | O13: 2.206 | P13: 50 | Q13: 12.96 | R13: 108.65 | S13: 1.65 | T13: =G13=P13 -> TRUE | U13: =J13=Q13 -> TRUE | V13: =VLOOKUP(IF(J13<10, 10, IF(J13>50,50,J13)),'Over to underbark'!$A$3:$C$43,IF(A13="Scots pine",3,IF(A13="Sitka spruce",2, "error")),TRUE)/100 -> 0.74 | W13: =R13*0.9*V13 -> 72.3609 | X13: =S13*0.9*V13 -> 1.0989 | Y13: =(R13+S13)*0.9*(100%-V13) -> 25.8102 | Z13: =(50%*Y13)+(46%*W13)+(15%*X13)+(43%*W13*10%)+(43%*W13*90%*5%)+(25%*X13*50%)+(60%*X13*8%) -> 51.057761 | AA13: =(50%*Y13)+(11%*W13) -> 20.864799 | AB13: =(43%*W13*90%*95%)+(25%*X13*50%) -> 26.740847 | AC13: =60%*X13*92% -> 0.6065928 | AD13: =LOOKUP($A13,'Over to underbark'!$A$47:$A$48,'Over to underbark'!E$47:E$48)*Z13 -> 21.44426 | AE13: =LOOKUP($A13,'Over to underbark'!$A$47:$A$48,'Over to underbark'!E$47:E$48)*AA13 -> 8.7632156 | AF13: =LOOKUP($A13,'Over to underbark'!$A$47:$A$48,'Over to underbark'!E$47:E$48)*AB13 -> 11.231156 | AG13: =LOOKUP($A13,'Over to underbark'!$A$47:$A$48,'Over to underbark'!E$47:E$48)*AC13 -> 0.25476898 | AH13: =SUM(W13:Y13)=SUM(Z13:AC13) -> TRUE | AI13: =SUM(R13:S13)*0.9 = SUM(W13:Y13) -> TRUE | AJ13: =LOOKUP(A13,'Over to underbark'!$A$47:$A$48,'Over to underbark'!E$47:E$48)*M13 -> 46.326 | AK13: =LOOKUP(A13,'Over to underbark'!$A$47:$A$48,'Over to underbark'!$B$47:$B$48)*AJ13 -> 15.75084 | AL13: =LOOKUP(A13,'Over to underbark'!$A$47:$A$48,'Over to underbark'!C$47:C$48)*AJ13 -> 16.2141 | AM13: =AJ13+AK13 -> 62.07684 | AN13: 147.8 | AO13: =AM13*2 -> 124.15368 | AQ13: =(AD13+AE13+AF13+AG13)/AM13 -> 0.67164179
A14: Scots pine | B14: 4 | C14: 2 | D14: No thinning | E14: 2 | F14: 1 | G14: 51 | H14: 10.868 | I14: 1997 | J14: 13.211 | K14: 27.372 | L14: 0.058 | M14: 116.76 | N14: 0.137 | O14: 2.289 | P14: 51 | Q14: 13.211 | R14: 113.369 | S14: 3.391 | T14: =G14=P14 -> TRUE | U14: =J14=Q14 -> TRUE | V14: =VLOOKUP(IF(J14<10, 10, IF(J14>50,50,J14)),'Over to underbark'!$A$3:$C$43,IF(A14="Scots pine",3,IF(A14="Sitka spruce",2, "error")),TRUE)/100 -> 0.79 | W14: =R14*0.9*V14 -> 80.605359 | X14: =S14*0.9*V14 -> 2.411001 | Y14: =(R14+S14)*0.9*(100%-V14) -> 22.06764 | Z14: =(50%*Y14)+(46%*W14)+(15%*X14)+(43%*W14*10%)+(43%*W14*90%*5%)+(25%*X14*50%)+(60%*X14*8%) -> 53.916783 | AA14: =(50%*Y14)+(11%*W14) -> 19.900409 | AB14: =(43%*W14*90%*95%)+(25%*X14*50%) -> 29.935935 | AC14: =60%*X14*92% -> 1.3308726 | AD14: =LOOKUP($A14,'Over to underbark'!$A$47:$A$48,'Over to underbark'!E$47:E$48)*Z14 -> 22.645049 | AE14: =LOOKUP($A14,'Over to underbark'!$A$47:$A$48,'Over to underbark'!E$47:E$48)*AA14 -> 8.358172 | AF14: =LOOKUP($A14,'Over to underbark'!$A$47:$A$48,'Over to underbark'!E$47:E$48)*AB14 -> 12.573093 | AG14: =LOOKUP($A14,'Over to underbark'!$A$47:$A$48,'Over to underbark'!E$47:E$48)*AC14 -> 0.55896647 | AH14: =SUM(W14:Y14)=SUM(Z14:AC14) -> TRUE | AI14: =SUM(R14:S14)*0.9 = SUM(W14:Y14) -> TRUE | AJ14: =LOOKUP(A14,'Over to underbark'!$A$47:$A$48,'Over to underbark'!E$47:E$48)*M14 -> 49.0392 | AK14: =LOOKUP(A14,'Over to underbark'!$A$47:$A$48,'Over to underbark'!$B$47:$B$48)*AJ14 -> 16.673328 | AL14: =LOOKUP(A14,'Over to underbark'!$A$47:$A$48,'Over to underbark'!C$47:C$48)*AJ14 -> 17.16372 | AM14: =AJ14+AK14 -> 65.712528 | AN14: 156.46 | AO14: =AM14*2 -> 131.42506 | AQ14: =(AD14+AE14+AF14+AG14)/AM14 -> 0.67164179
... A738: Sitka spruce | B738: 14 | C738: 2 | D738: No thinning | E738: 2 | F738: 1 | G738: 78 | H738: 29.41 | I738: 948 | J738: 31.79 | K738: 75.206 | L738: 0.935 | M738: 886.3 | N738: 11.679 | O738: 11.363 | P738: 78 | Q738: 31.79 | R738: 132.319 | S738: 753.981 | T738: =G738=P738 -> TRUE | U738: =J738=Q738 -> TRUE | V738: =VLOOKUP(IF(J738<10, 10, IF(J738>50,50,J738)),'Over to underbark'!$A$3:$C$43,IF(A738="Scots pine",3,IF(A738="Sitka spruce",2, "error")),TRUE)/100 -> 0.91 | W738: =R738*0.9*V738 -> 108.36926 | X738: =S738*0.9*V738 -> 617.51044 | Y738: =(R738+S738)*0.9*(100%-V738) -> 71.7903 | Z738: =(50%*Y738)+(46%*W738)+(15%*X738)+(43%*W738*10%)+(43%*W738*90%*5%)+(25%*X738*50%)+(60%*X738*8%) -> 291.95771 | AA738: =(50%*Y738)+(11%*W738) -> 47.815769 | AB738: =(43%*W738*90%*95%)+(25%*X738*50%) -> 117.03076 | AC738: =60%*X738*92% -> 340.86576 | AD738: =LOOKUP($A738,'Over to underbark'!$A$47:$A$48,'Over to underbark'!E$47:E$48)*Z738 -> 96.346043 | AE738: =LOOKUP($A738,'Over to underbark'!$A$47:$A$48,'Over to underbark'!E$47:E$48)*AA738 -> 15.779204 | AF738: =LOOKUP($A738,'Over to underbark'!$A$47:$A$48,'Over to underbark'!E$47:E$48)*AB738 -> 38.620152 | AG738: =LOOKUP($A738,'Over to underbark'!$A$47:$A$48,'Over to underbark'!E$47:E$48)*AC738 -> 112.4857 | AH738: =SUM(W738:Y738)=SUM(Z738:AC738) -> TRUE | AI738: =SUM(R738:S738)*0.9 = SUM(W738:Y738) -> TRUE | AJ738: =LOOKUP(A738,'Over to underbark'!$A$47:$A$48,'Over to underbark'!E$47:E$48)*M738 -> 292.479 | AK738: =LOOKUP(A738,'Over to underbark'!$A$47:$A$48,'Over to underbark'!$B$47:$B$48)*AJ738 -> 93.59328 | AL738: =LOOKUP(A738,'Over to underbark'!$A$47:$A$48,'Over to underbark'!C$47:C$48)*AJ738 -> 143.31471 | AM738: =AJ738+AK738 -> 386.07228 | AN738: 975 | AO738: =AM738*2 -> 772.14456 | AQ738: =(AD738+AE738+AF738+AG738)/AM738 -> 0.68181818

Sheet Over to underbark
A1: Mean dbh | B1: %_Sitka | C1: %_Scots
B2: Sitka spruce | C2: Scots pine
A3: 10 | B3: 73 | C3: 53 | E3: For mean dbh < 10 cm apply 10 cm values
A4: 11 | B4: 82 | C4: 66
A5: 12 | B5: 87 | C5: 74
A6: 13 | B6: 89 | C6: 79
A7: 14 | B7: 90 | C7: 82
A8: 15 | B8: 90 | C8: 84
A9: 16 | B9: 89 | C9: 84
A10: 17 | B10: 90 | C10: 84
A11: 18 | B11: 90 | C11: 84
A12: 19 | B12: 90 | C12: 84
A13: 20 | B13: 90 | C13: 84
A14: 21 | B14: 90 | C14: 84
A15: 22 | B15: 90 | C15: 84
... A42: 49 | B42: 91 | C42: 85
A43: 50 | B43: 92 | C43: 85 | E43: For mean dbh > 50 cm apply 50 cm values
B46: Crown expansion factor | C46: Root expansion factor | D46: Wood basic density | E46: Nominal specific gravity
A47: Scots pine | B47: 0.34 | C47: 0.35 | D47: 0.42 | E47: 0.42
A48: Sitka spruce | B48: 0.32 | C48: 0.49 | D48: 0.33 | E48: 0.33

Sheet Sheet3

Sheet CARBINE OUTPUTS
A1: tree_species | B1: yield_class | C1: management | D1: year | E1: tree_carbon (t C/ha) | F1: deadwood_carbon (t C/ha) | G1: tree_species | H1: yield_class | I1: year | J1: litter_carbon (t C/ha) | K1: Check | L1: Total tree carbon (t C/ha) | M1: Total tree biomass (odt t/ha) | N1: Total tree biomass (green t/ha) | O1: Total tree biomass (m3/ha)
A2: scots_pine | B2: 4 | C2: no_thinning_no_felling | D2: 0 | E2: 0 | F2: 0 | G2: scots_pine | H2: 4 | I2: 0 | J2: 0 | K2: =H2=B2 -> TRUE | L2: =E2+F2+J2 -> 0 | M2: =L2*2 -> 0 | N2: =M2/(1-0.598) -> 0 | O2: =M2/0.42 -> 0
A3: scots_pine | B3: 4 | C3: no_thinning_no_felling | D3: 1 | E3: 0.0022188968 | F3: 8.8107073e-06 | G3: scots_pine | H3: 4 | I3: 1 | J3: 2.9991749e-05 | K3: =H3=B3 -> TRUE | L3: =E3+F3+J3 -> 0.0022576993 | M3: =L3*2 -> 0.0045153986 | N3: =M3/(1-0.598) -> 0.011232335 | O3: =M3/0.42 -> 0.010750949
A4: scots_pine | B4: 4 | C4: no_thinning_no_felling | D4: 2 | E4: 0.0049925178 | F4: 2.8370477e-05 | G4: scots_pine | H4: 4 | I4: 2 | J4: 8.6752741e-05 | K4: =H4=B4 -> TRUE | L4: =E4+F4+J4 -> 0.0051076411 | M4: =L4*2 -> 0.010215282 | N4: =M4/(1-0.598) -> 0.02541115 | O4: =M4/0.42 -> 0.0243221
A5: scots_pine | B5: 4 | C5: no_thinning_no_felling | D5: 3 | E5: 0.0084595441 | F5: 6.1110184e-05 | G5: scots_pine | H5: 4 | I5: 3 | J5: 0.00017039321 | K5: =H5=B5 -> TRUE | L5: =E5+F5+J5 -> 0.0086910475 | M5: =L5*2 -> 0.017382095 | N5: =M5/(1-0.598) -> 0.043239042 | O5: =M5/0.42 -> 0.041385941
A6: scots_pine | B6: 4 | C6: no_thinning_no_felling | D6: 4 | E6: 0.012793327 | F6: 0.00011007611 | G6: scots_pine | H6: 4 | I6: 4 | J6: 0.0002835104 | K6: =H6=B6 -> TRUE | L6: =E6+F6+J6 -> 0.013186913 | M6: =L6*2 -> 0.026373827 | N6: =M6/(1-0.598) -> 0.065606535 | O6: =M6/0.42 -> 0.062794826
A7: scots_pine | B7: 4 | C7: no_thinning_no_felling | D7: 5 | E7: 0.018210556 | F7: 0.00017908358 | G7: scots_pine | H7: 4 | I7: 5 | J7: 0.0004308325 | K7: =H7=B7 -> TRUE | L7: =E7+F7+J7 -> 0.018820472 | M7: =L7*2 -> 0.037640943 | N7: =M7/(1-0.598) -> 0.093634187 | O7: =M7/0.42 -> 0.089621293
A8: scots_pine | B8: 4 | C8: no_thinning_no_felling | D8: 6 | E8: 0.024982091 | F8: 0.00027290897 | G8: scots_pine | H8: 4 | I8: 6 | J8: 0.00061917735 | K8: =H8=B8 -> TRUE | L8: =E8+F8+J8 -> 0.025874178 | M8: =L8*2 -> 0.051748355 | N8: =M8/(1-0.598) -> 0.12872725 | O8: =M8/0.42 -> 0.12321037
A9: scots_pine | B9: 4 | C9: no_thinning_no_felling | D9: 7 | E9: 0.033446511 | F9: 0.00039752977 | G9: scots_pine | H9: 4 | I9: 7 | J9: 0.00085763414 | K9: =H9=B9 -> TRUE | L9: =E9+F9+J9 -> 0.034701675 | M9: =L9*2 -> 0.06940335 | N9: =M9/(1-0.598) -> 0.17264515 | O9: =M9/0.42 -> 0.16524607
A10: scots_pine | B10: 4 | C10: no_thinning_no_felling | D10: 8 | E10: 0.044027035 | F10: 0.00056042468 | G10: scots_pine | H10: 4 | I10: 8 | J10: 0.0011579264 | K10: =H10=B10 -> TRUE | L10: =E10+F10+J10 -> 0.045745387 | M10: =L10*2 -> 0.091490773 | N10: =M10/(1-0.598) -> 0.22758899 | O10: =M10/0.42 -> 0.21783517
A11: scots_pine | B11: 4 | C11: no_thinning_no_felling | D11: 9 | E11: 0.057252691 | F11: 0.00077094865 | G11: scots_pine | H11: 4 | I11: 9 | J11: 0.0015349456 | K11: =H11=B11 -> TRUE | L11: =E11+F11+J11 -> 0.059558585 | M11: =L11*2 -> 0.11911717 | N11: =M11/(1-0.598) -> 0.29631137 | O11: =M11/0.42 -> 0.28361231
A12: scots_pine | B12: 4 | C12: no_thinning_no_felling | D12: 10 | E12: 0.073784761 | F12: 0.0010408018 | G12: scots_pine | H12: 4 | I12: 10 | J12: 0.0020074647 | K12: =H12=B12 -> TRUE | L12: =E12+F12+J12 -> 0.076833027 | M12: =L12*2 -> 0.15366605 | N12: =M12/(1-0.598) -> 0.38225387 | O12: =M12/0.42 -> 0.36587156
A13: scots_pine | B13: 4 | C13: no_thinning_no_felling | D13: 11 | E13: 0.094449848 | F13: 0.0013846154 | G13: scots_pine | H13: 4 | I13: 11 | J13: 0.0025990592 | K13: =H13=B13 -> TRUE | L13: =E13+F13+J13 -> 0.098433522 | M13: =L13*2 -> 0.19686704 | N13: =M13/(1-0.598) -> 0.48971902 | O13: =M13/0.42 -> 0.46873106
... A506: scots_pine | B506: 12 | C506: no_thinning_no_felling | D506: 100 | E506: 315.42334 | F506: 48.733454 | G506: scots_pine | H506: 12 | I506: 100 | J506: 13.125433 | K506: =H506=B506 -> TRUE | L506: =E506+F506+J506 -> 377.28223 | M506: =L506*2 -> 754.56445 | N506: =M506/(1-0.598) -> 1877.026 | O506: =M506/0.42 -> 1796.582
A507: sitka_spruce | B507: 6 | C507: no_thinning_no_felling | D507: 0 | E507: 0 | F507: 0 | G507: sitka_spruce | H507: 6 | I507: 0 | J507: 0 | K507: =H507=B507 -> TRUE | L507: =E507+F507+J507 -> 0 | M507: =L507*2 -> 0 | N507: =M507/(1-0.621) -> 0 | O507: =M507/0.33 -> 0
A508: sitka_spruce | B508: 6 | C508: no_thinning_no_felling | D508: 1 | E508: 0.012398352 | F508: 6.4403682e-05 | G508: sitka_spruce | H508: 6 | I508: 1 | J508: 0.00014025685 | K508: =H508=B508 -> TRUE | L508: =E508+F508+J508 -> 0.012603013 | M508: =L508*2 -> 0.025206026 | N508: =M508/(1-0.621) -> 0.066506664 | O508: =M508/0.33 -> 0.076381896
A509: sitka_spruce | B509: 6 | C509: no_thinning_no_felling | D509: 2 | E509: 0.027896293 | F509: 0.00020737986 | G509: sitka_spruce | H509: 6 | I509: 2 | J509: 0.00040378114 | K509: =H509=B509 -> TRUE | L509: =E509+F509+J509 -> 0.028507454 | M509: =L509*2 -> 0.057014908 | N509: =M509/(1-0.621) -> 0.15043511 | O509: =M509/0.33 -> 0.17277245
A510: sitka_spruce | B510: 6 | C510: no_thinning_no_felling | D510: 3 | E510: 0.047268718 | F510: 0.0004466975 | G510: sitka_spruce | H510: 6 | I510: 3 | J510: 0.00078994023 | K510: =H510=B510 -> TRUE | L510: =E510+F510+J510 -> 0.048505356 | M510: =L510*2 -> 0.097010712 | N510: =M510/(1-0.621) -> 0.25596494 | O510: =M510/0.33 -> 0.29397186
A511: sitka_spruce | B511: 6 | C511: no_thinning_no_felling | D511: 4 | E511: 0.07148425 | F511: 0.00080462405 | G511: sitka_spruce | H511: 6 | I511: 4 | J511: 0.0013100628 | K511: =H511=B511 -> TRUE | L511: =E511+F511+J511 -> 0.073598937 | M511: =L511*2 -> 0.14719787 | N511: =M511/(1-0.621) -> 0.38838489 | O511: =M511/0.33 -> 0.44605416
A512: sitka_spruce | B512: 6 | C512: no_thinning_no_felling | D512: 5 | E512: 0.10175367 | F512: 0.0013090484 | G512: sitka_spruce | H512: 6 | I512: 5 | J512: 0.0019855174 | K512: =H512=B512 -> TRUE | L512: =E512+F512+J512 -> 0.10504823 | M512: =L512*2 -> 0.21009646 | N512: =M512/(1-0.621) -> 0.55434423 | O512: =M512/0.33 -> 0.63665595
A513: sitka_spruce | B513: 6 | C513: no_thinning_no_felling | D513: 6 | E513: 0.13959043 | F513: 0.0019948844 | G513: sitka_spruce | H513: 6 | I513: 6 | J513: 0.0028473609 | K513: =H513=B513 -> TRUE | L513: =E513+F513+J513 -> 0.14443268 | M513: =L513*2 -> 0.28886536 | N513: =M513/(1-0.621) -> 0.76217773 | O513: =M513/0.33 -> 0.87534957
A514: sitka_spruce | B514: 6 | C514: no_thinning_no_felling | D514: 7 | E514: 0.18688639 | F514: 0.0029058259 | G514: sitka_spruce | H514: 6 | I514: 7 | J514: 0.0039370793 | K514: =H514=B514 -> TRUE | L514: =E514+F514+J514 -> 0.1937293 | M514: =L514*2 -> 0.3874586 | N514: =M514/(1-0.621) -> 1.0223182 | O514: =M514/0.33 -> 1.174117
A515: sitka_spruce | B515: 6 | C515: no_thinning_no_felling | D515: 8 | E515: 0.24600635 | F515: 0.0040965398 | G515: sitka_spruce | H515: 6 | I515: 8 | J515: 0.0053081965 | K515: =H515=B515 -> TRUE | L515: =E515+F515+J515 -> 0.25541108 | M515: =L515*2 -> 0.51082216 | N515: =M515/(1-0.621) -> 1.3478157 | O515: =M515/0.33 -> 1.547946
A516: sitka_spruce | B516: 6 | C516: no_thinning_no_felling | D516: 9 | E516: 0.31990628 | F516: 0.0056354081 | G516: sitka_spruce | H516: 6 | I516: 9 | J516: 0.0070286837 | K516: =H516=B516 -> TRUE | L516: =E516+F516+J516 -> 0.33257038 | M516: =L516*2 -> 0.66514075 | N516: =M516/(1-0.621) -> 1.7549888 | O516: =M516/0.33 -> 2.015578
A517: sitka_spruce | B517: 6 | C517: no_thinning_no_felling | D517: 10 | E517: 0.41228121 | F517: 0.0076079553 | G517: sitka_spruce | H517: 6 | I517: 10 | J517: 0.0091842031 | K517: =H517=B517 -> TRUE | L517: =E517+F517+J517 -> 0.42907337 | M517: =L517*2 -> 0.85814673 | N517: =M517/(1-0.621) -> 2.2642394 | O517: =M517/0.33 -> 2.6004446
A518: sitka_spruce | B518: 6 | C518: no_thinning_no_felling | D518: 11 | E518: 0.52774986 | F518: 0.010121132 | G518: sitka_spruce | H518: 6 | I518: 11 | J518: 0.011882301 | K518: =H518=B518 -> TRUE | L518: =E518+F518+J518 -> 0.5497533 | M518: =L518*2 -> 1.0995066 | N518: =M518/(1-0.621) -> 2.9010728 | O518: =M518/0.33 -> 3.3318382
... A910: sitka_spruce | B910: 12 | C910: no_thinning_no_felling | D910: 100 | E910: 271.92403 | F910: 43.696639 | G910: sitka_spruce | H910: 12 | I910: 100 | J910: 9.0383262 | K910: =H910=B910 -> TRUE | L910: =E910+F910+J910 -> 324.659 | M910: =L910*2 -> 649.31799 | N910: =M910/(1-0.621) -> 1713.2401 | O910: =M910/0.33 -> 1967.6303
